Envior_ID,Name_Envior,Date_Envior,Headline_Envior,Description_Envior
1,weather,"Mon, Sep 17, 2018, 16:22",Chicken producer Moy Park delivers record sales and profits," North’s largest firm set to deliver $50 million in savings after acquisition by Pilgrim’s Pride
            "
2,weather,"Mon, Sep 17, 2018, 11:56","Britain’s economy will shrink without Brexit deal, IMF warns"," Christine Lagarde says ‘clouds on the horizon have not become lighter but darker’
            "
3,weather,"Mon, Aug 13, 2018, 05:05",Sunny July gives consumer sentiment a temporary lift," Weather may have helped sentiment rise last month, but major economic worries remain
            "
4,weather,"Fri, Aug 10, 2018, 05:58","The ‘Weinstein clause’, Disney hits and pizza profits"," Planet Business: Superheroes and super-villains abound
            "
5,weather,"Thu, Aug 9, 2018, 11:29",House and apartment sales up 25% on last year – Davy," Some 28,022 transactions worth €8.3bn registered so far in 2018
            "
6,weather,"Wed, Jul 18, 2018, 04:10",Sharp slowdown in Dublin house price rises is predicted," Savills says it expects a ‘cooling-off’ period as the supply of new homes ramps up
            "
7,weather,"Fri, Jun 15, 2018, 04:15",Ireland pitches up for its share of the World Cup pie," Tournament of tournaments remains a commercial bonanza despite toxic Fifa brand
            "
8,weather,"Thu, Jun 14, 2018, 12:37",Analysts fear UK retail sales rise may be ‘blip’," Spending up by 1.3% in May
            "
9,weather,"Tue, May 15, 2018, 08:11",German growth starts 2018 at weakest pace in a year," Slowdown in euro area weighs on economy but ECB says it may be temporary
            "
10,weather,"Wed, May 9, 2018, 11:12",Residential property prices rise by 12.7% in year to March," Official figures show property values are increasing by 12.1% in Dublin
            "
11,weather,"Tue, May 8, 2018, 17:14",NI house prices grow by 6.6% year on year in first quarter," Latest quarterly index, however, suggests sales volumes were hit by poor weather
            "
12,weather,"Fri, May 4, 2018, 15:52",US job growth rebounds modestly; unemployment rate falls," Unemployment rate drops to 3.9% from 4.1% as average hourly earnings rise
            "
13,weather,"Mon, Apr 30, 2018, 06:00","GDP to grow and consumer spending to accelerate, Davy forecasts"," Positive forecast sees mortgage lending rising and economy nearing full employment
            "
14,weather,"Sun, Apr 29, 2018, 13:12",Government should focus on growing Dublin and war-gaming next recession," EU economic growth has suddenly halted and Ireland needs to prepare for recession
            "
15,weather,"Fri, Apr 6, 2018, 16:59",US job gains smallest in six months as wage growth picks up," Nonfarm payrolls increased by 103,000 in March as construction and retail sectors shed jobs
            "
16,weather,"Wed, Apr 4, 2018, 16:30",Weaker income tax receipts push Government finances off target," Department insists underlying trend remains positive, while VAT take also swells
            "
17,weather,"Fri, Dec 15, 2017, 07:24",‘Christmas Means Christmas’ and Deutsche Bank’s market triggers," Planet Business: Tourism Ireland takes latest Skellig Michael campaign to new heights
            "
18,weather,"Sun, Nov 26, 2017, 20:10",Just Eat food ordering app set for promotion to FTSE 100," Owners of Alton Towers and Legoland face demotion to FTSE 250
            "
19,weather,"Fri, Oct 27, 2017, 06:18","Brexit ‘McCarthyism’, coffee’s ‘third wave’ and a wine drought?"," Planet Business: Companies beating analysts’ expectations, cities that love Amazon
            "
20,weather,"Fri, Oct 6, 2017, 13:43",US employment falls for the first time in seven years," Hurricanes Harvey and Irma caused temporary unemployment and delayed hiring
            "
21,weather,"Mon, Aug 7, 2017, 09:11",UK consumer spending sees longest decline since 2013: Visa," Another sign that the impact of last year’s Brexit vote is rippling through to households
            "
22,weather,"Fri, May 5, 2017, 13:59",US unemployment at 10-year low as growth bounces back," Data set to keep Federal Reserve on track to raise interest rates in coming months   
            "
23,weather,"Fri, May 5, 2017, 07:48",US employment growth rebounding and wages increasing," Conditions could pave way for the Federal Reserve to raise interest rates next month   
            "
24,weather,"Fri, Apr 7, 2017, 16:09",US jobs growth slows more than expected," Employers added 98,000 jobs last month, far below 180,000 economists had forecast   
            "
25,weather,"Fri, Mar 10, 2017, 13:57",Strong US jobs figures pave way for Fed rate rise," Unemployment rate fell to 4.7%, and wages grew 2.8% from February   
            "
26,weather,"Wed, Mar 1, 2017, 04:00",Ciarán Hancock: Less is more when it comes to motor insurance," High time Government tackled big ticket items that could affect underlying issue   
            "
27,weather,"Fri, Feb 10, 2017, 05:16","Planet Business: Sinkholes, White Musk and the courgette crisis"," This week: Mickey Mouse revenue at Disney, United Airlines boss lets fly   
            "
28,weather,"Tue, Jan 17, 2017, 07:48",Ireland is less innovative than it was last year - Bloomberg index," Ireland drops a place as Nordic nations dominate the top 15 most innovative countires, while South Korea reigns supreme and Russia is dealt a huge blow   
            "
29,weather,"Fri, Jan 6, 2017, 17:16",Bank of England’s  Haldane admits crisis in economic forecasting," Central bank’s chief economist says the vote for Brexit will hit the British economy in 2017   
            "
30,weather,"Fri, Nov 25, 2016, 12:31",Chris Johns: Ireland flexible enough for brutal logic of euro," Currency union for Greece and Italy has them into economic zombies   
            "
31,weather,"Tue, Oct 11, 2016, 14:48",Budget 2017: Full text of Michael Noonan’s speech," Read about all the measures announced by Minister for Finance in Dáil today    
            "
32,weather,"Fri, Oct 7, 2016, 07:46",US employment growth slows for third straight month," Fed unlikely to announce  interest rate hike before  November 8th presidential election   
            "
33,weather,"Mon, Sep 19, 2016, 05:00",Brexit: ‘The unknowns outnumber the knowns’ ," Ibec pares back  economic forecasts amid uncertainty over long-term impact of Brexit   
            "
34,weather,"Thu, Aug 18, 2016, 12:45","Analysis: No Brexit economic hit yet, but it’s coming"," UK consumer spending rose unexpectedly in July but is unlikely to stay solid for long   
            "
35,weather,"Thu, Aug 18, 2016, 09:59",Shoppers shrug off Brexit as retail sales jump in July," New data shows retails sales grew by more than expected despite vote to leave the EU   
            "
36,weather,"Mon, Aug 15, 2016, 10:21",Sterling steady near three-year low ahead of Brexit impact data," Traders await national data on consumer and corporate reaction to June referendum   
            "
37,weather,"Fri, Jul 29, 2016, 19:12",US economic growth of 1.2% misses estimates," The tepid data may dim speculation that the Fed will increase its interest rate  this year   
            "
38,weather,"Fri, Jul 29, 2016, 06:00",Monsieur Non and Scourge of the City face hard task over Brexit," Appointment of David Davis and Michel Barnier flag difficulty of EU/UK talks   
            "
39,weather,"Tue, Jun 7, 2016, 04:00",Northern Ireland  gripped by uncertainty over Brexit referendum," There are growing fears about what will happen if the UK votes to leave the EU
            "
40,weather,"Fri, May 13, 2016, 08:54","German economy powers ahead, but exports cloud picture"," Economy grew by 0.7% in the first three months, the highest  rate since  early  2014   
            "
41,weather,"Tue, Mar 8, 2016, 08:07",German industrial production jumps to six-year high," Latest numbers show strong demand underpinning output   
            "
42,weather,"Mon, Feb 22, 2016, 01:00",Analysis: Markets in parallel universe to  real economy," ‘Nothing more important than how the political classes shape up  after the election’   
            "
43,weather,"Wed, Feb 17, 2016, 15:02",US housing starts fall in January as bad weather hits activity," Producer prices nudge up, showing signs of uptick in inflation   
            "
44,weather,"Wed, Feb 10, 2016, 14:31",Europe’s top four economies suffer drop in output," Germany, Britain, France and Italy all down, which does not bode well for global economy   
            "
45,weather,"Fri, Feb 5, 2016, 14:08","US job growth slows, unemployment rate at 8-year low"," Nonfarm payrolls rose by 151,000 jobs last month,  unemployment rate  at 4.9%   
            "
46,weather,"Mon, Feb 1, 2016, 15:32",Wall St starts February in red after weak Chinese data," Google parent Alphabet and Barbie maker Mattel to report after market close   
            "
47,weather,"Fri, Jan 22, 2016, 06:00",Ireland fights to sell positive story despite gloomy mood at Davos ," Vying with host of world and business leaders, Kenny and IDA chief are in diplomatic overdrive    
            "
48,weather,"Fri, Oct 30, 2015, 01:00",US growth slows despite rise in consumer spending  ," Main reason for  deceleration was  slowdown in stock accumulation by companies   
            "
49,weather,"Fri, Sep 4, 2015, 01:22",Planet Business," Australia loses steam, Google adopts a smiling ‘e’ and the Fiat Chrysler boss gets huggy   
            "
50,weather,"Wed, Aug 26, 2015, 05:00",Avinash Persaud: Why the Fed must not blink on interest rate rise," Monetary policy cannot confine itself to reacting to the latest inflation data   
            "
51,weather,"Fri, Aug 21, 2015, 06:00",Talk of widespread deflation across  world on market developments," D-word back after commodity price fall and China  engineers depreciation of  yuan   
            "
52,weather,"Wed, Aug 12, 2015, 06:06",Old  measures of efficiency failing  to capture tech advances," Our domestic productivity has benefited from washing machines, vacuum cleaners and central heating   
            "
53,weather,"Fri, Jul 31, 2015, 14:24",Head of  insurer FBD to step down with immediate effect," Senior former Central Bank executive Fiona Muldoon to replace Andrew Langford on an interim basis   
            "
54,weather,"Tue, Jul 28, 2015, 07:30",John FitzGerald: The calm after the eruption," In contrast to Greece, growth is well under way in Ireland, Iceland, Latvia, Estonia, Portugal and Spain   
            "
55,weather,"Mon, Jul 20, 2015, 08:32",China stocks recover as regulator reaffirms support," Small caps extend rebound but investors still cautious   
            "
56,weather,"Thu, Jun 25, 2015, 14:43",Robust US consumer spending buoys economic growth outlook," Spending recorded its largest increase in nearly six years in May    
            "
57,weather,"Tue, Apr 28, 2015, 11:11",House prices begin rising again despite new lending curbs," Latest official figures show prices rose 0.9% nationally in March and by 1.1% in Dublin   
            "
58,weather,"Fri, Apr 3, 2015, 13:53",Weak US job growth  could delay anticipated   rate hike ," Non-farm payrolls increased 126,000 last month, the smallest gain since December 2013    
            "
59,weather,"Thu, Mar 19, 2015, 13:01",US current account deficit  largest since 2012," Exports and the primary income surplus fell in the fourth quarter of the year   
            "
60,weather,"Fri, Mar 6, 2015, 21:36",Sharp rise in US jobs figures sends dollar soaring," Speculation that the Fed is nearing its first interest-rate rise in nearly a decade   
            "
61,weather,"Wed, Nov 12, 2014, 01:00",An unethical bet in the climate casino," Opinion: Republican wins in US midterms have implications for humanity    
            "
62,weather,"Mon, Sep 22, 2014, 01:00",Politicians need to keep cause of collapse in mind as economy recovers," Opinion: safest course in budget would be to implement final part of Troika plan    
            "
63,weather,"Fri, Aug 29, 2014, 11:35",Japan household spending slumps in  month of July," Despite weak signs in the economy, the BOJ is optimistic that a tightening job market will lead to higher wages   
            "
64,weather,"Fri, Aug 15, 2014, 01:00",German growth should prompt ECB into action," How worried should we be about a slowdown in the German economy?   
            "
65,weather,"Fri, Aug 1, 2014, 01:00",Planet Business," This week: Bonuses, vultures, sanctions, ‘poor doors’ and the importance of side orders   
            "
66,weather,"Mon, Jun 9, 2014, 07:19",Japan’s economy picks up on  surge in capital spending," Economy grew at  an annualised 6.7 per cent in the first quarter, new figures show   
            "
67,weather,"Fri, Jun 6, 2014, 13:52",US recoups jobs lost in recession as economy picks up," Latest official figures show employment returned to its pre-recession level last month   
            "
68,weather,"Thu, May 29, 2014, 17:16",US economy contracts in first quarter as expected," Official statistics show gross domestic product shrank by 1%, its worst performance since 2011   
            "
69,weather,"Wed, May 28, 2014, 10:55",German unemployment rises unexpectedly in May," Jobless rate in Europe's powerhouse economy rises amid signs of slowdown, according to official data
            "
70,weather,"Tue, May 13, 2014, 12:57",Bonds: the greatest bull market of all time gets even frothier," Many of us thought it would come to an end years ago but we’vee been humiliated by reality   
            "
71,weather,"Tue, May 6, 2014, 11:24",OECD cuts global growth outlook as developing economies falter," World economy is set to grow 3.4 per cent this year before accelerating to 3.9 per cent next year   
            "
72,weather,"Wed, Apr 30, 2014, 21:53",US Fed signals thawing of economy after winter chill," Household spending appears to be rising ‘more quickly’   
            "
73,weather,"Tue, Apr 15, 2014, 01:00",Strong US retail sales open the door to more tapering by the Fed," Wall Street post-winter rebound led by technology stocks   
            "
74,weather,"Tue, Apr 8, 2014, 14:11",IMF upbeat on global recovery but wary of risks in Ukraine ," Washington-based fund’s twice yearly outlook predicts global output will expand by 3.6 per cent   
            "
75,weather,"Fri, Apr 4, 2014, 14:38",US maintains solid job growth pace as winter fades," Data provides further evidence the economy is shifting into higher gear after brutally cold winter   
            "
76,weather,"Tue, Mar 25, 2014, 14:52",New home sales fall to five-month low in US," Supply of new houses on the market hit the highest level since December 2010   
            "
77,weather,"Thu, Mar 13, 2014, 15:47","US retail sales rebound from winter chill, jobless claims fall"," New applications for unemployment benefits hit a fresh three-month low last week   
            "
78,weather,"Thu, Mar 13, 2014, 10:28",Survey shows growth in UK house prices  cools in February ," Pent-up demand from potential buyers previously shut out of the market eased last month   
            "
79,weather,"Thu, Mar 6, 2014, 12:19",Bank of England keeps  borrowing costs at record low," Britain marks five year anniversary of historic low interest rates   
            "
80,weather,"Fri, Feb 28, 2014, 10:02",German retail sales rise at fastest rate in seven years," Hopes rise that consumer spending will support economic growth    
            "
81,weather,"Tue, Feb 25, 2014, 17:49",US consumers lose confidence as economic fears weigh," Consumer confidence falls in February amidst concerns about the US economy’s direction but house prices continue to rise, with data showing prices in 20 US cities are on the advance   
            "
82,weather,"Fri, Feb 21, 2014, 16:18",US existing home sales slump to 18-month low," Combination of cold weather and a lack of housing stock sidelined potential buyers   
            "
83,weather,"Thu, Feb 20, 2014, 14:57",US jobless claims fell last week," New data points to improving labour market conditions, despite two months of weak hiring   
            "
84,weather,"Thu, Feb 20, 2014, 01:00",Federal Reserve had few doubts about slowing asset purchases," Tapering set to continue in absence of big shift in US economy   
            "
85,weather,"Fri, Feb 7, 2014, 16:06",US employment fails to rebound strongly from winter chill," Loss of momentum seen in  economy, but unemployment rate hits five-year low   
            "
86,weather,"Thu, Feb 6, 2014, 14:56",US jobless claims fall as weak exports push up trade deficit," Latest numbers from US provide to labour market outlook and broader economy   
            "
87,weather,"Fri, Jan 17, 2014, 13:57",US housing starts fall less than expected," But colder weather may have dampened activity as groundbreaking drops 9.8 per cent   
            "
88,weather,"Thu, Oct 17, 2019, 15:43",Brexit deal positive – but dangers haven’t gone away," Cliff Taylor: The backstop is gone, replaced by a permanent arrangement for the North
            "
89,weather,"Thu, Oct 3, 2019, 16:00","Interconnector is not just about electricity, it's about power"," John Fitzgerald: if Ireland is to generate 40% of its electricity from wind we need to double our interconnection with Britain and France
            "
90,weather,"Sun, Aug 18, 2019, 11:45",Chris Johns: UK facing a future as a failed state after Brexit," Hard Brexit on October 31st won’t be the end, merely the start of an even more chaotic phase
            "
91,weather,"Fri, Aug 2, 2019, 06:30","Apple’s Irish profits, Kennedy Wilson’s Irish growth, and the future of INM"," Business Today: the best news, analysis and comment from The Irish Times business desk
            "
92,weather,"Wed, Jul 3, 2019, 17:00",Higgins welcomes bounce in German-Irish trade," President cites it as proof of ‘strong and enduring’ bilateral relationship
            "
93,weather,"Fri, May 17, 2019, 05:51",John FitzGerald: Climate change and the end of an empire," Collapse of Rome shows how failure to adapt can have catastrophic consequences
            "
94,weather,"Mon, Apr 1, 2019, 13:52",US retail sales unexpectedly ease in February," Fall may signal further headwinds for the economy
            "
95,weather,"Sun, Jan 6, 2019, 16:59",Australia braces for hard landing in housing market," OECD issues warning as Sydney house prices record biggest monthly fall for 14 years
            "
96,weather,"Mon, Nov 19, 2018, 05:00",‘Smart Atlantic way’ could narrow east-west economic divide – report," Finnish Helsinki region and Scottish highlands already providing models
            "
97,weather,"Mon, Nov 5, 2018, 11:40",UK services sector slows to seven-month low," Brexit continues to foster gloomy outlook
            "
98,weather,"Thu, Oct 17, 2019, 15:43",Brexit deal positive – but dangers haven’t gone away," Cliff Taylor: The backstop is gone, replaced by a permanent arrangement for the North
            "
99,weather,"Thu, Oct 3, 2019, 16:00","Interconnector is not just about electricity, it's about power"," John Fitzgerald: if Ireland is to generate 40% of its electricity from wind we need to double our interconnection with Britain and France
            "
100,weather,"Sun, Aug 18, 2019, 11:45",Chris Johns: UK facing a future as a failed state after Brexit," Hard Brexit on October 31st won’t be the end, merely the start of an even more chaotic phase
            "
101,weather,"Fri, Aug 2, 2019, 06:30","Apple’s Irish profits, Kennedy Wilson’s Irish growth, and the future of INM"," Business Today: the best news, analysis and comment from The Irish Times business desk
            "
102,weather,"Wed, Jul 3, 2019, 17:00",Higgins welcomes bounce in German-Irish trade," President cites it as proof of ‘strong and enduring’ bilateral relationship
            "
103,weather,"Fri, May 17, 2019, 05:51",John FitzGerald: Climate change and the end of an empire," Collapse of Rome shows how failure to adapt can have catastrophic consequences
            "
104,weather,"Mon, Apr 1, 2019, 13:52",US retail sales unexpectedly ease in February," Fall may signal further headwinds for the economy
            "
105,weather,"Sun, Jan 6, 2019, 16:59",Australia braces for hard landing in housing market," OECD issues warning as Sydney house prices record biggest monthly fall for 14 years
            "
106,weather,"Mon, Nov 19, 2018, 05:00",‘Smart Atlantic way’ could narrow east-west economic divide – report," Finnish Helsinki region and Scottish highlands already providing models
            "
107,weather,"Mon, Nov 5, 2018, 11:40",UK services sector slows to seven-month low," Brexit continues to foster gloomy outlook
            "
108,weather,"Thu, Oct 17, 2019, 15:43",Brexit deal positive – but dangers haven’t gone away," Cliff Taylor: The backstop is gone, replaced by a permanent arrangement for the North
            "
109,weather,"Thu, Oct 3, 2019, 16:00","Interconnector is not just about electricity, it's about power"," John Fitzgerald: if Ireland is to generate 40% of its electricity from wind we need to double our interconnection with Britain and France
            "
110,weather,"Sun, Aug 18, 2019, 11:45",Chris Johns: UK facing a future as a failed state after Brexit," Hard Brexit on October 31st won’t be the end, merely the start of an even more chaotic phase
            "
111,weather,"Fri, Aug 2, 2019, 06:30","Apple’s Irish profits, Kennedy Wilson’s Irish growth, and the future of INM"," Business Today: the best news, analysis and comment from The Irish Times business desk
            "
112,weather,"Wed, Jul 3, 2019, 17:00",Higgins welcomes bounce in German-Irish trade," President cites it as proof of ‘strong and enduring’ bilateral relationship
            "
113,weather,"Fri, May 17, 2019, 05:51",John FitzGerald: Climate change and the end of an empire," Collapse of Rome shows how failure to adapt can have catastrophic consequences
            "
114,weather,"Mon, Apr 1, 2019, 13:52",US retail sales unexpectedly ease in February," Fall may signal further headwinds for the economy
            "
115,weather,"Sun, Jan 6, 2019, 16:59",Australia braces for hard landing in housing market," OECD issues warning as Sydney house prices record biggest monthly fall for 14 years
            "
116,weather,"Mon, Nov 19, 2018, 05:00",‘Smart Atlantic way’ could narrow east-west economic divide – report," Finnish Helsinki region and Scottish highlands already providing models
            "
117,weather,"Mon, Nov 5, 2018, 11:40",UK services sector slows to seven-month low," Brexit continues to foster gloomy outlook
            "
118,weather,"Thu, Oct 17, 2019, 15:43",Brexit deal positive – but dangers haven’t gone away," Cliff Taylor: The backstop is gone, replaced by a permanent arrangement for the North
            "
119,weather,"Thu, Oct 3, 2019, 16:00","Interconnector is not just about electricity, it's about power"," John Fitzgerald: if Ireland is to generate 40% of its electricity from wind we need to double our interconnection with Britain and France
            "
120,weather,"Sun, Aug 18, 2019, 11:45",Chris Johns: UK facing a future as a failed state after Brexit," Hard Brexit on October 31st won’t be the end, merely the start of an even more chaotic phase
            "
121,weather,"Fri, Aug 2, 2019, 06:30","Apple’s Irish profits, Kennedy Wilson’s Irish growth, and the future of INM"," Business Today: the best news, analysis and comment from The Irish Times business desk
            "
122,weather,"Wed, Jul 3, 2019, 17:00",Higgins welcomes bounce in German-Irish trade," President cites it as proof of ‘strong and enduring’ bilateral relationship
            "
123,weather,"Fri, May 17, 2019, 05:51",John FitzGerald: Climate change and the end of an empire," Collapse of Rome shows how failure to adapt can have catastrophic consequences
            "
124,weather,"Mon, Apr 1, 2019, 13:52",US retail sales unexpectedly ease in February," Fall may signal further headwinds for the economy
            "
125,weather,"Sun, Jan 6, 2019, 16:59",Australia braces for hard landing in housing market," OECD issues warning as Sydney house prices record biggest monthly fall for 14 years
            "
126,weather,"Mon, Nov 19, 2018, 05:00",‘Smart Atlantic way’ could narrow east-west economic divide – report," Finnish Helsinki region and Scottish highlands already providing models
            "
127,weather,"Mon, Nov 5, 2018, 11:40",UK services sector slows to seven-month low," Brexit continues to foster gloomy outlook
            "
128,weather,"Thu, Oct 17, 2019, 15:43",Brexit deal positive – but dangers haven’t gone away," Cliff Taylor: The backstop is gone, replaced by a permanent arrangement for the North
            "
129,weather,"Thu, Oct 3, 2019, 16:00","Interconnector is not just about electricity, it's about power"," John Fitzgerald: if Ireland is to generate 40% of its electricity from wind we need to double our interconnection with Britain and France
            "
130,weather,"Sun, Aug 18, 2019, 11:45",Chris Johns: UK facing a future as a failed state after Brexit," Hard Brexit on October 31st won’t be the end, merely the start of an even more chaotic phase
            "
131,weather,"Fri, Aug 2, 2019, 06:30","Apple’s Irish profits, Kennedy Wilson’s Irish growth, and the future of INM"," Business Today: the best news, analysis and comment from The Irish Times business desk
            "
132,weather,"Wed, Jul 3, 2019, 17:00",Higgins welcomes bounce in German-Irish trade," President cites it as proof of ‘strong and enduring’ bilateral relationship
            "
133,weather,"Fri, May 17, 2019, 05:51",John FitzGerald: Climate change and the end of an empire," Collapse of Rome shows how failure to adapt can have catastrophic consequences
            "
134,weather,"Mon, Apr 1, 2019, 13:52",US retail sales unexpectedly ease in February," Fall may signal further headwinds for the economy
            "
135,weather,"Sun, Jan 6, 2019, 16:59",Australia braces for hard landing in housing market," OECD issues warning as Sydney house prices record biggest monthly fall for 14 years
            "
136,weather,"Mon, Nov 19, 2018, 05:00",‘Smart Atlantic way’ could narrow east-west economic divide – report," Finnish Helsinki region and Scottish highlands already providing models
            "
137,weather,"Mon, Nov 5, 2018, 11:40",UK services sector slows to seven-month low," Brexit continues to foster gloomy outlook
            "
138,weather,"Thu, Oct 17, 2019, 15:43",Brexit deal positive – but dangers haven’t gone away," Cliff Taylor: The backstop is gone, replaced by a permanent arrangement for the North
            "
139,weather,"Thu, Oct 3, 2019, 16:00","Interconnector is not just about electricity, it's about power"," John Fitzgerald: if Ireland is to generate 40% of its electricity from wind we need to double our interconnection with Britain and France
            "
140,weather,"Sun, Aug 18, 2019, 11:45",Chris Johns: UK facing a future as a failed state after Brexit," Hard Brexit on October 31st won’t be the end, merely the start of an even more chaotic phase
            "
141,weather,"Fri, Aug 2, 2019, 06:30","Apple’s Irish profits, Kennedy Wilson’s Irish growth, and the future of INM"," Business Today: the best news, analysis and comment from The Irish Times business desk
            "
142,weather,"Wed, Jul 3, 2019, 17:00",Higgins welcomes bounce in German-Irish trade," President cites it as proof of ‘strong and enduring’ bilateral relationship
            "
143,weather,"Fri, May 17, 2019, 05:51",John FitzGerald: Climate change and the end of an empire," Collapse of Rome shows how failure to adapt can have catastrophic consequences
            "
144,weather,"Mon, Apr 1, 2019, 13:52",US retail sales unexpectedly ease in February," Fall may signal further headwinds for the economy
            "
145,weather,"Sun, Jan 6, 2019, 16:59",Australia braces for hard landing in housing market," OECD issues warning as Sydney house prices record biggest monthly fall for 14 years
            "
146,weather,"Mon, Nov 19, 2018, 05:00",‘Smart Atlantic way’ could narrow east-west economic divide – report," Finnish Helsinki region and Scottish highlands already providing models
            "
147,weather,"Mon, Nov 5, 2018, 11:40",UK services sector slows to seven-month low," Brexit continues to foster gloomy outlook
            "
148,weather,"Thu, Oct 17, 2019, 15:43",Brexit deal positive – but dangers haven’t gone away," Cliff Taylor: The backstop is gone, replaced by a permanent arrangement for the North
            "
149,weather,"Thu, Oct 3, 2019, 16:00","Interconnector is not just about electricity, it's about power"," John Fitzgerald: if Ireland is to generate 40% of its electricity from wind we need to double our interconnection with Britain and France
            "
150,weather,"Sun, Aug 18, 2019, 11:45",Chris Johns: UK facing a future as a failed state after Brexit," Hard Brexit on October 31st won’t be the end, merely the start of an even more chaotic phase
            "
151,weather,"Fri, Aug 2, 2019, 06:30","Apple’s Irish profits, Kennedy Wilson’s Irish growth, and the future of INM"," Business Today: the best news, analysis and comment from The Irish Times business desk
            "
152,weather,"Wed, Jul 3, 2019, 17:00",Higgins welcomes bounce in German-Irish trade," President cites it as proof of ‘strong and enduring’ bilateral relationship
            "
153,weather,"Fri, May 17, 2019, 05:51",John FitzGerald: Climate change and the end of an empire," Collapse of Rome shows how failure to adapt can have catastrophic consequences
            "
154,weather,"Mon, Apr 1, 2019, 13:52",US retail sales unexpectedly ease in February," Fall may signal further headwinds for the economy
            "
155,weather,"Sun, Jan 6, 2019, 16:59",Australia braces for hard landing in housing market," OECD issues warning as Sydney house prices record biggest monthly fall for 14 years
            "
156,weather,"Mon, Nov 19, 2018, 05:00",‘Smart Atlantic way’ could narrow east-west economic divide – report," Finnish Helsinki region and Scottish highlands already providing models
            "
157,weather,"Mon, Nov 5, 2018, 11:40",UK services sector slows to seven-month low," Brexit continues to foster gloomy outlook
            "
158,weather,"Thu, Oct 17, 2019, 15:43",Brexit deal positive – but dangers haven’t gone away," Cliff Taylor: The backstop is gone, replaced by a permanent arrangement for the North
            "
159,weather,"Thu, Oct 3, 2019, 16:00","Interconnector is not just about electricity, it's about power"," John Fitzgerald: if Ireland is to generate 40% of its electricity from wind we need to double our interconnection with Britain and France
            "
160,weather,"Sun, Aug 18, 2019, 11:45",Chris Johns: UK facing a future as a failed state after Brexit," Hard Brexit on October 31st won’t be the end, merely the start of an even more chaotic phase
            "
161,weather,"Fri, Aug 2, 2019, 06:30","Apple’s Irish profits, Kennedy Wilson’s Irish growth, and the future of INM"," Business Today: the best news, analysis and comment from The Irish Times business desk
            "
162,weather,"Wed, Jul 3, 2019, 17:00",Higgins welcomes bounce in German-Irish trade," President cites it as proof of ‘strong and enduring’ bilateral relationship
            "
163,weather,"Fri, May 17, 2019, 05:51",John FitzGerald: Climate change and the end of an empire," Collapse of Rome shows how failure to adapt can have catastrophic consequences
            "
164,weather,"Mon, Apr 1, 2019, 13:52",US retail sales unexpectedly ease in February," Fall may signal further headwinds for the economy
            "
165,weather,"Sun, Jan 6, 2019, 16:59",Australia braces for hard landing in housing market," OECD issues warning as Sydney house prices record biggest monthly fall for 14 years
            "
166,weather,"Mon, Nov 19, 2018, 05:00",‘Smart Atlantic way’ could narrow east-west economic divide – report," Finnish Helsinki region and Scottish highlands already providing models
            "
167,weather,"Mon, Nov 5, 2018, 11:40",UK services sector slows to seven-month low," Brexit continues to foster gloomy outlook
            "
168,weather,"Thu, Oct 17, 2019, 15:43",Brexit deal positive – but dangers haven’t gone away," Cliff Taylor: The backstop is gone, replaced by a permanent arrangement for the North
            "
169,weather,"Thu, Oct 3, 2019, 16:00","Interconnector is not just about electricity, it's about power"," John Fitzgerald: if Ireland is to generate 40% of its electricity from wind we need to double our interconnection with Britain and France
            "
170,weather,"Sun, Aug 18, 2019, 11:45",Chris Johns: UK facing a future as a failed state after Brexit," Hard Brexit on October 31st won’t be the end, merely the start of an even more chaotic phase
            "
171,weather,"Fri, Aug 2, 2019, 06:30","Apple’s Irish profits, Kennedy Wilson’s Irish growth, and the future of INM"," Business Today: the best news, analysis and comment from The Irish Times business desk
            "
172,weather,"Wed, Jul 3, 2019, 17:00",Higgins welcomes bounce in German-Irish trade," President cites it as proof of ‘strong and enduring’ bilateral relationship
            "
173,weather,"Fri, May 17, 2019, 05:51",John FitzGerald: Climate change and the end of an empire," Collapse of Rome shows how failure to adapt can have catastrophic consequences
            "
174,weather,"Mon, Apr 1, 2019, 13:52",US retail sales unexpectedly ease in February," Fall may signal further headwinds for the economy
            "
175,weather,"Sun, Jan 6, 2019, 16:59",Australia braces for hard landing in housing market," OECD issues warning as Sydney house prices record biggest monthly fall for 14 years
            "
176,weather,"Mon, Nov 19, 2018, 05:00",‘Smart Atlantic way’ could narrow east-west economic divide – report," Finnish Helsinki region and Scottish highlands already providing models
            "
177,weather,"Mon, Nov 5, 2018, 11:40",UK services sector slows to seven-month low," Brexit continues to foster gloomy outlook
            "
178,weather,"Thu, Oct 17, 2019, 15:43",Brexit deal positive – but dangers haven’t gone away," Cliff Taylor: The backstop is gone, replaced by a permanent arrangement for the North
            "
179,weather,"Thu, Oct 3, 2019, 16:00","Interconnector is not just about electricity, it's about power"," John Fitzgerald: if Ireland is to generate 40% of its electricity from wind we need to double our interconnection with Britain and France
            "
180,weather,"Sun, Aug 18, 2019, 11:45",Chris Johns: UK facing a future as a failed state after Brexit," Hard Brexit on October 31st won’t be the end, merely the start of an even more chaotic phase
            "
181,weather,"Fri, Aug 2, 2019, 06:30","Apple’s Irish profits, Kennedy Wilson’s Irish growth, and the future of INM"," Business Today: the best news, analysis and comment from The Irish Times business desk
            "
182,weather,"Wed, Jul 3, 2019, 17:00",Higgins welcomes bounce in German-Irish trade," President cites it as proof of ‘strong and enduring’ bilateral relationship
            "
183,weather,"Fri, May 17, 2019, 05:51",John FitzGerald: Climate change and the end of an empire," Collapse of Rome shows how failure to adapt can have catastrophic consequences
            "
184,weather,"Mon, Apr 1, 2019, 13:52",US retail sales unexpectedly ease in February," Fall may signal further headwinds for the economy
            "
185,weather,"Sun, Jan 6, 2019, 16:59",Australia braces for hard landing in housing market," OECD issues warning as Sydney house prices record biggest monthly fall for 14 years
            "
186,weather,"Mon, Nov 19, 2018, 05:00",‘Smart Atlantic way’ could narrow east-west economic divide – report," Finnish Helsinki region and Scottish highlands already providing models
            "
187,weather,"Mon, Nov 5, 2018, 11:40",UK services sector slows to seven-month low," Brexit continues to foster gloomy outlook
            "
188,weather,"Thu, Oct 17, 2019, 15:43",Brexit deal positive – but dangers haven’t gone away," Cliff Taylor: The backstop is gone, replaced by a permanent arrangement for the North
            "
189,weather,"Thu, Oct 3, 2019, 16:00","Interconnector is not just about electricity, it's about power"," John Fitzgerald: if Ireland is to generate 40% of its electricity from wind we need to double our interconnection with Britain and France
            "
190,weather,"Sun, Aug 18, 2019, 11:45",Chris Johns: UK facing a future as a failed state after Brexit," Hard Brexit on October 31st won’t be the end, merely the start of an even more chaotic phase
            "
191,weather,"Fri, Aug 2, 2019, 06:30","Apple’s Irish profits, Kennedy Wilson’s Irish growth, and the future of INM"," Business Today: the best news, analysis and comment from The Irish Times business desk
            "
192,weather,"Wed, Jul 3, 2019, 17:00",Higgins welcomes bounce in German-Irish trade," President cites it as proof of ‘strong and enduring’ bilateral relationship
            "
193,weather,"Fri, May 17, 2019, 05:51",John FitzGerald: Climate change and the end of an empire," Collapse of Rome shows how failure to adapt can have catastrophic consequences
            "
194,weather,"Mon, Apr 1, 2019, 13:52",US retail sales unexpectedly ease in February," Fall may signal further headwinds for the economy
            "
195,weather,"Sun, Jan 6, 2019, 16:59",Australia braces for hard landing in housing market," OECD issues warning as Sydney house prices record biggest monthly fall for 14 years
            "
196,weather,"Mon, Nov 19, 2018, 05:00",‘Smart Atlantic way’ could narrow east-west economic divide – report," Finnish Helsinki region and Scottish highlands already providing models
            "
197,weather,"Mon, Nov 5, 2018, 11:40",UK services sector slows to seven-month low," Brexit continues to foster gloomy outlook
            "
198,weather,"Thu, Oct 17, 2019, 15:43",Brexit deal positive – but dangers haven’t gone away," Cliff Taylor: The backstop is gone, replaced by a permanent arrangement for the North
            "
199,weather,"Thu, Oct 3, 2019, 16:00","Interconnector is not just about electricity, it's about power"," John Fitzgerald: if Ireland is to generate 40% of its electricity from wind we need to double our interconnection with Britain and France
            "
200,weather,"Sun, Aug 18, 2019, 11:45",Chris Johns: UK facing a future as a failed state after Brexit," Hard Brexit on October 31st won’t be the end, merely the start of an even more chaotic phase
            "
201,weather,"Fri, Aug 2, 2019, 06:30","Apple’s Irish profits, Kennedy Wilson’s Irish growth, and the future of INM"," Business Today: the best news, analysis and comment from The Irish Times business desk
            "
202,weather,"Wed, Jul 3, 2019, 17:00",Higgins welcomes bounce in German-Irish trade," President cites it as proof of ‘strong and enduring’ bilateral relationship
            "
203,weather,"Fri, May 17, 2019, 05:51",John FitzGerald: Climate change and the end of an empire," Collapse of Rome shows how failure to adapt can have catastrophic consequences
            "
204,weather,"Mon, Apr 1, 2019, 13:52",US retail sales unexpectedly ease in February," Fall may signal further headwinds for the economy
            "
205,weather,"Sun, Jan 6, 2019, 16:59",Australia braces for hard landing in housing market," OECD issues warning as Sydney house prices record biggest monthly fall for 14 years
            "
206,weather,"Mon, Nov 19, 2018, 05:00",‘Smart Atlantic way’ could narrow east-west economic divide – report," Finnish Helsinki region and Scottish highlands already providing models
            "
207,weather,"Mon, Nov 5, 2018, 11:40",UK services sector slows to seven-month low," Brexit continues to foster gloomy outlook
            "
208,weather,"Thu, Oct 17, 2019, 15:43",Brexit deal positive – but dangers haven’t gone away," Cliff Taylor: The backstop is gone, replaced by a permanent arrangement for the North
            "
209,weather,"Thu, Oct 3, 2019, 16:00","Interconnector is not just about electricity, it's about power"," John Fitzgerald: if Ireland is to generate 40% of its electricity from wind we need to double our interconnection with Britain and France
            "
210,weather,"Sun, Aug 18, 2019, 11:45",Chris Johns: UK facing a future as a failed state after Brexit," Hard Brexit on October 31st won’t be the end, merely the start of an even more chaotic phase
            "
211,weather,"Fri, Aug 2, 2019, 06:30","Apple’s Irish profits, Kennedy Wilson’s Irish growth, and the future of INM"," Business Today: the best news, analysis and comment from The Irish Times business desk
            "
212,weather,"Wed, Jul 3, 2019, 17:00",Higgins welcomes bounce in German-Irish trade," President cites it as proof of ‘strong and enduring’ bilateral relationship
            "
213,weather,"Fri, May 17, 2019, 05:51",John FitzGerald: Climate change and the end of an empire," Collapse of Rome shows how failure to adapt can have catastrophic consequences
            "
214,weather,"Mon, Apr 1, 2019, 13:52",US retail sales unexpectedly ease in February," Fall may signal further headwinds for the economy
            "
215,weather,"Sun, Jan 6, 2019, 16:59",Australia braces for hard landing in housing market," OECD issues warning as Sydney house prices record biggest monthly fall for 14 years
            "
216,weather,"Mon, Nov 19, 2018, 05:00",‘Smart Atlantic way’ could narrow east-west economic divide – report," Finnish Helsinki region and Scottish highlands already providing models
            "
217,weather,"Mon, Nov 5, 2018, 11:40",UK services sector slows to seven-month low," Brexit continues to foster gloomy outlook
            "
218,weather,"Thu, Oct 17, 2019, 15:43",Brexit deal positive – but dangers haven’t gone away," Cliff Taylor: The backstop is gone, replaced by a permanent arrangement for the North
            "
219,weather,"Thu, Oct 3, 2019, 16:00","Interconnector is not just about electricity, it's about power"," John Fitzgerald: if Ireland is to generate 40% of its electricity from wind we need to double our interconnection with Britain and France
            "
220,weather,"Sun, Aug 18, 2019, 11:45",Chris Johns: UK facing a future as a failed state after Brexit," Hard Brexit on October 31st won’t be the end, merely the start of an even more chaotic phase
            "
221,weather,"Fri, Aug 2, 2019, 06:30","Apple’s Irish profits, Kennedy Wilson’s Irish growth, and the future of INM"," Business Today: the best news, analysis and comment from The Irish Times business desk
            "
222,weather,"Wed, Jul 3, 2019, 17:00",Higgins welcomes bounce in German-Irish trade," President cites it as proof of ‘strong and enduring’ bilateral relationship
            "
223,weather,"Fri, May 17, 2019, 05:51",John FitzGerald: Climate change and the end of an empire," Collapse of Rome shows how failure to adapt can have catastrophic consequences
            "
224,weather,"Mon, Apr 1, 2019, 13:52",US retail sales unexpectedly ease in February," Fall may signal further headwinds for the economy
            "
225,weather,"Sun, Jan 6, 2019, 16:59",Australia braces for hard landing in housing market," OECD issues warning as Sydney house prices record biggest monthly fall for 14 years
            "
226,weather,"Mon, Nov 19, 2018, 05:00",‘Smart Atlantic way’ could narrow east-west economic divide – report," Finnish Helsinki region and Scottish highlands already providing models
            "
227,weather,"Mon, Nov 5, 2018, 11:40",UK services sector slows to seven-month low," Brexit continues to foster gloomy outlook
            "
228,weather,"Thu, Oct 17, 2019, 15:43",Brexit deal positive – but dangers haven’t gone away," Cliff Taylor: The backstop is gone, replaced by a permanent arrangement for the North
            "
229,weather,"Thu, Oct 3, 2019, 16:00","Interconnector is not just about electricity, it's about power"," John Fitzgerald: if Ireland is to generate 40% of its electricity from wind we need to double our interconnection with Britain and France
            "
230,weather,"Sun, Aug 18, 2019, 11:45",Chris Johns: UK facing a future as a failed state after Brexit," Hard Brexit on October 31st won’t be the end, merely the start of an even more chaotic phase
            "
231,weather,"Fri, Aug 2, 2019, 06:30","Apple’s Irish profits, Kennedy Wilson’s Irish growth, and the future of INM"," Business Today: the best news, analysis and comment from The Irish Times business desk
            "
232,weather,"Wed, Jul 3, 2019, 17:00",Higgins welcomes bounce in German-Irish trade," President cites it as proof of ‘strong and enduring’ bilateral relationship
            "
233,weather,"Fri, May 17, 2019, 05:51",John FitzGerald: Climate change and the end of an empire," Collapse of Rome shows how failure to adapt can have catastrophic consequences
            "
234,weather,"Mon, Apr 1, 2019, 13:52",US retail sales unexpectedly ease in February," Fall may signal further headwinds for the economy
            "
235,weather,"Sun, Jan 6, 2019, 16:59",Australia braces for hard landing in housing market," OECD issues warning as Sydney house prices record biggest monthly fall for 14 years
            "
236,weather,"Mon, Nov 19, 2018, 05:00",‘Smart Atlantic way’ could narrow east-west economic divide – report," Finnish Helsinki region and Scottish highlands already providing models
            "
237,weather,"Mon, Nov 5, 2018, 11:40",UK services sector slows to seven-month low," Brexit continues to foster gloomy outlook
            "
238,weather,"Thu, Oct 17, 2019, 15:43",Brexit deal positive – but dangers haven’t gone away," Cliff Taylor: The backstop is gone, replaced by a permanent arrangement for the North
            "
239,weather,"Thu, Oct 3, 2019, 16:00","Interconnector is not just about electricity, it's about power"," John Fitzgerald: if Ireland is to generate 40% of its electricity from wind we need to double our interconnection with Britain and France
            "
240,weather,"Sun, Aug 18, 2019, 11:45",Chris Johns: UK facing a future as a failed state after Brexit," Hard Brexit on October 31st won’t be the end, merely the start of an even more chaotic phase
            "
241,weather,"Fri, Aug 2, 2019, 06:30","Apple’s Irish profits, Kennedy Wilson’s Irish growth, and the future of INM"," Business Today: the best news, analysis and comment from The Irish Times business desk
            "
242,weather,"Wed, Jul 3, 2019, 17:00",Higgins welcomes bounce in German-Irish trade," President cites it as proof of ‘strong and enduring’ bilateral relationship
            "
243,weather,"Fri, May 17, 2019, 05:51",John FitzGerald: Climate change and the end of an empire," Collapse of Rome shows how failure to adapt can have catastrophic consequences
            "
244,weather,"Mon, Apr 1, 2019, 13:52",US retail sales unexpectedly ease in February," Fall may signal further headwinds for the economy
            "
245,weather,"Sun, Jan 6, 2019, 16:59",Australia braces for hard landing in housing market," OECD issues warning as Sydney house prices record biggest monthly fall for 14 years
            "
246,weather,"Mon, Nov 19, 2018, 05:00",‘Smart Atlantic way’ could narrow east-west economic divide – report," Finnish Helsinki region and Scottish highlands already providing models
            "
247,weather,"Mon, Nov 5, 2018, 11:40",UK services sector slows to seven-month low," Brexit continues to foster gloomy outlook
            "
248,climate,"Fri, Sep 13, 2019, 06:30","Dublin house prices fall, Stillorgan redevelopment, and what a no-deal Brexit means"," Business Today: the best news, analysis and comment from The Irish Times business desk
            "
249,climate,"Fri, Sep 13, 2019, 05:34",`If we had defaulted how strong would EU solidarity be now?'," Friday interview: John Moran, former Department of Finance mandarin
            "
250,climate,"Mon, Sep 2, 2019, 12:30",Activist demands in listed companies fall in first half," Worsening global economy likely cause of decreased activism, report finds
            "
251,climate,"Tue, Aug 27, 2019, 11:30",Record employment with 2.3m people at work in Irish economy," Minister welcomes figures but warns of likely impact of no-deal Brexit on Budget plans
            "
252,climate,"Fri, Aug 23, 2019, 05:30",Germany’s golden economic run of the Merkel era may be over," Strong consumer spending not enough to counter weakening industrial production
            "
253,climate,"Sun, Aug 18, 2019, 11:45",Chris Johns: UK facing a future as a failed state after Brexit," Hard Brexit on October 31st won’t be the end, merely the start of an even more chaotic phase
            "
254,climate,"Fri, Aug 16, 2019, 04:45","Degrowth fetishists, just be honest: you would make people poorer to fight climate change"," It is a fact that if people do less and use less, then GDP will fall
            "
255,climate,"Thu, Jul 25, 2019, 15:55",Farmers could boost their incomes by switching from beef," John FitzGerald: The economics of beef are on a knife edge – changing makes sense
            "
256,climate,"Thu, Jul 18, 2019, 12:59", Tax strategy papers: the key highlights," Income tax; changes to USC and PRSI and levies on carbon usage, motoring and food supplements all feature
            "
257,climate,"Thu, Jul 18, 2019, 11:02",Q&A: What the motor tax changes could mean for you," How current motorists, new car buyers and those importing from the UK will be affected
            "
258,climate,"Wed, Jul 17, 2019, 17:54","€50,000 threshold for higher rate tax will cost €2.3bn"," Number of workers paying higher rate tax has more than doubled since 2010
            "
259,climate,"Mon, Jul 8, 2019, 06:53",Turkish lira weakens 2.1% after central bank governor dismissed," Concern that monetary policy will be eased too quickly as president dismisses governor
            "
260,climate,"Fri, May 17, 2019, 05:51",John FitzGerald: Climate change and the end of an empire," Collapse of Rome shows how failure to adapt can have catastrophic consequences
            "
261,climate,"Fri, May 17, 2019, 05:40",How do you raise carbon taxes without hitting labourers more than lawyers?," Caveat: Good luck with handling this one in October’s budget, Paschal Donohoe
            "
262,climate,"Fri, May 10, 2019, 16:03",IMF seeks healthcare review to avoid spending overruns," Report also suggests further limits to consumer borrowing
            "
263,climate,"Thu, Apr 18, 2019, 11:27",Ireland has to move on carbon tax – why are we still arguing about it?," Smart Money: We need to cut emissions and avoid big fines – but politicians are nervous
                    "
264,climate,"Mon, Apr 15, 2019, 19:58",EU to seek rapid tariff-reduction deal with the US," Negotiations were endorsed after EU governments overrode French objections
            "
265,climate,"Mon, Mar 25, 2019, 15:16",Survey finds business morale in Germany improves," Germany’s manufacturing industry has shrunk at quickest rate in more than 6½ years
            "
266,climate,"Wed, Feb 27, 2019, 19:06",Ireland paid €200m net to European Union in 2017," Agriculture and rural development received 86% of €1.8bn paid out by bloc, report shows
            "
267,climate,"Tue, Feb 12, 2019, 04:15","Rise in sales masks declining footfall, warns Retail Ireland"," Industry body’s retail monitor shows value of shopping rose 2.7% in final quarter of 2018
            "
268,climate,"Fri, Feb 1, 2019, 08:30","Ireland Strategic Investment Fund to finance 25,000 homes"," Fund managed by NTMA to back building of homes ‘ideally at the more affordable end’
            "
269,climate,"Fri, Jan 25, 2019, 17:00",Saudis come in from the cold after ‘Davos in the Desert’ flop," Davos 2019 diary: Teen environmental activist unsure is she was listened to by elders
            "
270,climate,"Tue, Jan 15, 2019, 12:22",No-deal Brexit: Northern Irish businesses ‘could not cope’," Lobby groups say protecting all-island benefits of Belfast Agreement is vital for future
            "
271,climate,"Mon, Jan 14, 2019, 06:39",Brussels pushes to end national vetoes on taxation," Juncker wants to roll back tax powers that helped Ireland, Luxembourg and Malta
            "
272,climate,"Thu, Jan 3, 2019, 12:05",The three big trends which will affect your finances this year," Smart Money: Brexit, world economy wobbles and interest rates are vital signs for 2019
                    "
273,climate,"Tue, Nov 20, 2018, 17:43",CSO figures at odds with booming financial sector," Labour Force Survey detects sharp fall in jobs in finance sector contrary to perceptions
            "
274,climate,"Tue, Nov 13, 2018, 06:30","Post-Brexit travel rights, Apple shares slide, Black Friday, and Irish rugby’s land sale"," Business Today: the best news, analysis and comment from ‘The Irish Times’ business desk
            "
275,climate,"Fri, Oct 26, 2018, 05:55","Wedding planners, Brexit marchers and a voyage on the good ship Titanic II"," Planet Business: A week of unexpected comebacks
            "
276,climate,"Fri, Oct 19, 2018, 05:55","Fortnite furore, Trump’s climate change, and the ‘backstop to the backstop’"," Planet Business: Also in the news – it’s a Betfair cop, and farewell Microsoft’s Paul Allen
            "
277,climate,"Tue, Oct 9, 2018, 10:41",NTMA hoping to raise up to €3bn from green bond sale," Green bonds are aimed at funding projects that promote climate change mitigation
            "
278,climate,"Mon, Oct 8, 2018, 12:45",US economists win Nobel prize for work on climate change," William D Nordhaus and Paul M Romer awarded the 2018 Nobel Prize in Economics
            "
279,climate,"Tue, Sep 18, 2018, 00:00",Lifting of milk quotas raises farming output to over €8bn," Central Bank report warns of potential negative shocks from Brexit, CAP reductions
            "
280,climate,"Fri, Sep 14, 2018, 05:15",State continues to demolish viable housing stock instead of repairing it," Government should address housing shortages and climate change at the same time
            "
281,climate,"Mon, Aug 13, 2018, 05:05",Sunny July gives consumer sentiment a temporary lift," Weather may have helped sentiment rise last month, but major economic worries remain
            "
282,climate,"Tue, Jul 17, 2018, 11:48",EU and Japan sign one of history’s largest trade deals," Move seen as counterweight to offset US protectionism under Donald Trump
            "
283,climate,"Mon, Jul 9, 2018, 11:32",NTMA chief urges State to sell bank shares as ‘dark clouds’ gather," Investors in Irish bonds would prefer to see Government taking every opportunity to pay down debt, Conor O’Kelly says
            "
284,climate,"Mon, Jul 2, 2018, 16:26",Ireland tipped to jump on ‘green bonds’ bandwagon," Green bonds are issued to finance climate and environmental investments
            "
285,climate,"Tue, Jun 19, 2018, 09:34",OECD undercuts ESRI’s growth forecast for Irish economy this year," Group says Irish economy will grow by 4% this year, below ESRI’s prediction of 4.7%
            "
286,climate,"Fri, Jun 8, 2018, 04:15",Mike Bloomberg: ‘Make America Great Again? It’s never been greater'," Interview: Former New York mayor on preaching and paying for health and climate action
            "
287,climate,"Mon, Jun 4, 2018, 06:00",Ibec spent €1.3m lobbying in the EU last year," Irish body third biggest spender on lobbying in EU, behind two groups in Germany
            "
288,climate,"Fri, May 25, 2018, 05:25","‘Dirty Brexit’, trade deadlocks and Facebook’s ‘monster’ questions"," Planet Business: The rise of Stacey Cunningham, the fall of Aussie house prices
            "
289,climate,"Thu, Apr 26, 2018, 16:22",Timber industry sees Border checks as part of solution in hard Brexit," Copy measures in use on US-Canadian and Norwegian-Swedish borders, report suggests
            "
290,climate,"Fri, Mar 9, 2018, 13:31","Homes of nearly 8,200 Irish mortgage holders repossessed since crash"," Central Bank governor reveals extent of house repossession in Ireland since crisis
            "
291,climate,"Fri, Feb 9, 2018, 06:00",Greece plots bailout exit – via medical cannabis and golden visas," Greece on cusp of exiting Troika bailout, but passions still high after years of harsh austerity
            "
292,climate,"Thu, Feb 8, 2018, 06:01",Alexis Tsipras says Greece will not need credit line when it exits bailout," Greece planning to raise €19bn in bond sales as buffer
            "
293,climate,"Sat, Jan 27, 2018, 05:54",Europe rediscovers its mojo in Davos," IMF sees euro zone economy growing 2% this year and 2.2% in 2019
            "
294,climate,"Fri, Jan 26, 2018, 06:00",Selfie protocol and staying on message in and away from the Davos spotlight," World Economic Forum backdrop is a buoyant global economy and stock-market highs
            "
295,climate,"Wed, Jan 24, 2018, 09:21",Trump’s Davos advance party delivers mixed messages to global elite," US ready for trade wars, commerce secretary indicates
            "
296,climate,"Tue, Jan 23, 2018, 13:59",Davos: Fashion gets a seat at the table," Sinead Burke will give talks on design, inclusion and disability
            "
297,climate,"Wed, Jan 10, 2018, 06:58",Trump will dominate Davos as no US leader has before," Provocateur-in-chief practised at irking elites who celebrate global order
            "
298,climate,"Tue, Jan 2, 2018, 16:07",The new world disorder and the fracturing of the west," The geopolitical situation remains tense, although the world economy is improving
            "
299,climate,"Fri, Dec 29, 2017, 06:00",Business review of 2017: Brexit and Trump fail to halt global boom," This year's international economic renaissance shows how forecasts are more art than science
                    "
300,climate,"Fri, Nov 24, 2017, 06:24","Inside track: Madeline McKeever, founder, Brown Envelope Seeds"," ‘Paperwork and slow broadband are the most frustrating things about running an SME’
            "
301,climate,"Mon, Oct 16, 2017, 06:15",Chris Johns: Hard Brexit is no longer a risk – it is the UK’s objective," Should the hard Brexiteers get their wish, the first casualty will be sterling
            "
302,climate,"Thu, Oct 5, 2017, 12:47","State may face €610m climate bill in 2020, says Dáil committee"," Committee on Budgetary Oversight says climate change still not part of budget planning
            "
303,climate,"Thu, Sep 14, 2017, 12:51",Government review reiterates capital spending commitments," Minister for Finance Paschal Donohoe launches mid-term review of spending plans
            "
304,climate,"Fri, Sep 1, 2017, 04:58",John FitzGerald: A fair legal framework is crucial for business," Firms setting up in Ireland know under what laws they will operate
            "
305,climate,"Wed, Aug 16, 2017, 00:01",July job vacancies drop as number seeking work increases," Morgan McKinley’s employment monitor sees particularly strong demand for engineers
            "
306,climate,"Thu, Jul 13, 2017, 18:21",House survey shows prices in North are holding up," Domestic uncertainty not affecting North’s house prices as those in rest of UK fall
            "
307,climate,"Wed, Jul 12, 2017, 16:00",Trump’s clash of civilisations rhetoric is out of step with reality," Martin Wolf: Going it alone will cost the US domestically and internationally
            "
308,climate,"Sun, Jul 9, 2017, 15:45",G20 leaders restate opposition to protectionism," Trump isolated on climate change as group issues dissenting conclusions for first time
            "
309,climate,"Thu, Jul 6, 2017, 09:23",EU strikes free-trade deal with Japan," Brussels eyes openings for agriculture while Tokyo looks to boost car exports
            "
310,climate,"Mon, May 22, 2017, 11:04",Sales and marketing firm to create 25 new jobs in Dublin," NK Communications to increase number of  sales agents after Energia contract extension   
            "
311,climate,"Sun, May 14, 2017, 17:53",G7 keeps watered-down pledge to promote free trade," Finance officials hope for breakthrough in meetings with US president later this year   
            "
312,climate,"Tue, Mar 28, 2017, 18:55",Triggering of Brexit a tragedy for EU and Britain ," If a deal is to be reached with the EU, the UK will need to make concessions   
            "
313,climate,"Thu, Jan 26, 2017, 06:25",Hayes says Ireland should issue green bonds," Irish MEP says green bonds would help finance renewable projects and send signal environmental issues are ‘national priority’   
            "
314,climate,"Wed, Jan 25, 2017, 10:27",‘Trump effect’ yet to be seen in German business morale," Munich-based IFO says firms are cautious despite lack of action on protectionist threats    
            "
315,climate,"Sat, Jan 21, 2017, 05:55",Davos: globalisation is in trouble but populism is not the answer,"  Those in world’s most powerful  institutions  confront popular rejection of their values   
            "
316,climate,"Fri, Jan 13, 2017, 07:33",Planet Business: the weird and wonderful world of finance," From drones to conceptual driving and the ’Jenga effect’   
            "
317,climate,"Mon, Jan 9, 2017, 11:00",Enterprise Ireland advises firms to prepare for hard Brexit," Agency boss says UK agencies are actively courting Irish agri-food companies   
            "
318,climate,"Mon, Jan 2, 2017, 13:03",Survey shows German factory growth close to three-year high in December," Growth driven by rising demand from Asia and the US, says Markit   
            "
319,climate,"Mon, Dec 19, 2016, 08:37","Ireland fails to justify selective treatment of Apple, commission says"," Irish Apple subsidiaries used in way that ‘did not correspond to economic reality’    
            "
320,climate,"Thu, Nov 24, 2016, 20:08",Slight rise in European shares while Iseq edges up .65%," BoI and housebuilder Abbey rise on back of Central Bank move on mortgage lending   
            "
321,climate,"Fri, Nov 4, 2016, 12:45",Brexiteers’ reaction to ruling may confirm they are bonkers," Is Theresa May playing a complex game with the ultimate goal of delivering a soft Brexit?    
            "
322,climate,"Fri, Nov 4, 2016, 03:03",Cracks start to show in Germany-China trade relations ," As Germany benefits from openness, it fears China’s supply chain will devour its technology    
            "
323,climate,"Tue, Nov 1, 2016, 05:00",Irish businesses and households confident despite Brexit risks," Economic confidence steady  as weak pound begins to affect Irish businesses   
            "
324,climate,"Fri, Oct 28, 2016, 11:08",Euro zone economic sentiment jumps in October," Rise driven by optimism in industry and services, European Commission survey finds   
            "
325,climate,"Tue, Oct 11, 2016, 15:19",Budget 2017: Full text of Paschal Donohoe’s speech," Minister for Public Expenditure and Reform outlines Government’s spending plans    
            "
326,climate,"Tue, Oct 11, 2016, 14:48",Budget 2017: Full text of Michael Noonan’s speech," Read about all the measures announced by Minister for Finance in Dáil today    
            "
327,climate,"Fri, Oct 7, 2016, 06:00",John FitzGerald: Populism set to trump bravery  in Budget 2017," Intensive lobbying means short-term moves  eclipse daring options to reallocate funding   
            "
328,climate,"Fri, Sep 23, 2016, 09:37",Green investment to boost global economy - Bank of England governor ," €45 trillion investment needed in energy efficiency to meet UN global warming targets   
            "
329,climate,"Fri, Sep 23, 2016, 06:25",Door closing on prospects of  deal to open borders to trade  ," EU officials concede TTIP  likely to be parked until new US administration is bedded in    
            "
330,climate,"Thu, Sep 15, 2016, 19:19","Central Bank pushed for  property tax, water charges in 2009"," Pre-budget letters reveal  Patrick Honohan’s plans to extend State revenue base   
            "
331,climate,"Tue, Aug 30, 2016, 10:50",EU orders Ireland to recoup up to €13bn in unpaid taxes from Apple," Apple given selective treatment through two tax rulings, European Commission charges   
            "
332,climate,"Fri, Aug 19, 2016, 05:35",Brexit fuels debate over State’s minimum wage," Business groups seize on UK vote and Low Pay Commission dissent to oppose hikes   
            "
333,climate,"Fri, Jul 22, 2016, 15:06",Consumer  survey finds Dubliners concerned about jobs," Irish consumer sentiment weakened in the second quarter, says KBC Bank and ESRI   
            "
334,climate,"Wed, Jul 20, 2016, 13:14","Martin Wolf: Trump’s answer is ‘clear, simple and wrong’"," Stagnating incomes will not be solved by a dose of populist protectionism   
            "
335,climate,"Fri, Jul 8, 2016, 06:30",Carbon tax essential   for  decarbonising our economies," Emissions trading scheme ran aground when recession made permits worthless   
            "
336,climate,"Mon, Jul 4, 2016, 15:18",Brexit: Feelings cannot prevail over reason," We need to contain the contagion and fix what ails the EU    
            "
337,climate,"Mon, Jun 20, 2016, 09:19",Brexit and you: Six ways your life might change after Thursday," It’s still too close to call it, but if the UK votes to Leave this week it won’t just be the Irish economy that will be hit - it will be all of us   
            "
338,climate,"Tue, May 24, 2016, 01:00",Economist Brendan Walsh inspired generations of students ," Brendan Walsh was a sharp analyst of Irish economics and society    
            "
339,climate,"Thu, May 19, 2016, 11:02","Brazil’s ‘Scissorhands’ turns to helping the developing world	"," Former finance minister of Latin American country is now with the World Bank   
            "
340,climate,"Tue, May 17, 2016, 06:20",Breaking up (government departments) is hard to do," The  problems facing the Government will not be solved by reorganising departments    
            "
341,climate,"Wed, May 4, 2016, 14:48",Martin Wolf: Brexit will damage the UK," Referendum is not about sovereignty. It is about how best to exercise the country’s power. And that is best done in the EU   
            "
342,climate,"Tue, May 3, 2016, 06:00",John FitzGerald: Ireland must protect  interests under Brexit," Anything that may  destabilise the Belfast Agreement would be a major concern    
            "
343,climate,"Tue, Apr 26, 2016, 07:16",Paul Krugman: Who you gonna call when the market melts?," The economic climate is far from being a threat-free zone for the next US president   
            "
344,climate,"Tue, Apr 19, 2016, 14:34",Argentina makes triumphant return to bond markets with $16.5bn deal," Market pariah returns to market with one of the largest order books ever seen for an emerging markets bond    
            "
345,climate,"Tue, Apr 19, 2016, 08:00",Brexit could ratchet up  pressure on Dublin housing market," Loss of 10,000 financial sector jobs in London may mean firms move in search of EU ‘asylum’    
            "
346,climate,"Mon, Apr 18, 2016, 12:00",German stance on ECB shows European ideal is defunct," There is a reason why this is happening - not a good one, but a powerful one. Money.   
            "
347,climate,"Thu, Mar 17, 2016, 13:26",British chancellor George Osborne is in traps of his own devising," Steady reduction in corporation tax suggests government is trying to turn  UK into Ireland   
            "
348,climate,"Wed, Mar 16, 2016, 12:23",What to watch out for when the Fed meets," Steady stream of sturdy economic data and recovery in financial markets have bolstered the arguments of  policymakers who favour interest rate rises later this year   
            "
349,climate,"Mon, Feb 15, 2016, 01:00",Arthur Beesley: Brexit dangers coming into focus for Irish firms," Uncertainty prevails until exact terms of any British exit from the EU are known    
            "
350,climate,"Tue, Jan 26, 2016, 04:00",Steeling for China’s new status," One EU lobby group foresees 3.5 million jobs losses if status is granted   
            "
351,climate,"Mon, Jan 25, 2016, 17:16",Stock markets fret that Fed rate move may have been premature," Central banks across the globe still have the wherewithal to exert influence    
            "
352,climate,"Tue, Jan 19, 2016, 16:07",Davos 2016: the five big themes,"  World Economic Forum  to grapple with big issues  from climate change to  refugee crisis   
            "
353,climate,"Mon, Dec 21, 2015, 01:00",Polish stocks plunge amid political street protests," Row over constitutional court sparks two weeks of street protests   
            "
354,climate,"Tue, Dec 8, 2015, 12:03",Consumer confidence rises to a  10-year high," Strongest reading since January 2006 on post-Budget boost   
            "
355,climate,"Tue, Dec 1, 2015, 07:20",Pricing a key tool to encourage  carbon-neutral energy," Tackling climate change requires incentivising new technology to produce ‘clean’ energy   
            "
356,climate,"Tue, Nov 24, 2015, 09:09",German business morale shrugs off VW scandal," New data also shows economic growth led by private, government consumption   
            "
357,climate,"Wed, Oct 21, 2015, 10:45",Resilient business community the key to Syria’s – eventual – rebirth," The cost of massive reconstruction is impossible to estimate, but Syria’s traditionally diverse economy will help when the time comes   
            "
358,climate,"Thu, Oct 8, 2015, 21:30",What Dalkey thinks of Budget 2016," Did the people of Dalkey get what they wanted  for themselves and their community?   
            "
359,climate,"Tue, Sep 29, 2015, 11:15",Euro zone economic sentiment at a four-year high," Overall economic sentiment up to 105.6 from 104.1 in August    
            "
360,climate,"Mon, Aug 31, 2015, 12:21","Euro zone inflation steady in August, easing pressure on ECB"," Oil prices have fallen from above $60 a barrel in early July to around $43 last week   
            "
361,climate,"Fri, Aug 21, 2015, 08:05",German consumer morale down slightly going into September," Income expectations  declined after reaching  highest level since reunification last month   
            "
362,climate,"Wed, Jul 22, 2015, 11:20",Global regulators may soften rules for asset-backed financing," Basel Committee begins review into how much capital banks should hold    
            "
363,climate,"Thu, Jul 16, 2015, 13:36",EC says  bailout programme ‘helped Ireland return to growth’," Review says Irish  structural reforms incomplete despite recovery   
            "
364,climate,"Fri, Jul 10, 2015, 02:00",The great fall of China?,"   The Chinese stock market is surprisingly parochial, and its collapse may not have the global fallout many fear 
            "
365,climate,"Fri, Jun 26, 2015, 01:00",Jim Yong Kim: World Bank chief seeks to slash extreme poverty ," Ahead of Dublin visit, health expert  discusses fighting poverty and sharing prosperity    
            "
366,climate,"Fri, May 22, 2015, 11:13",German business morale weakens and dampens growth," Sentiment in  manufacturing sector weakened while  mood among retailers  picked up   
            "
367,climate,"Tue, May 12, 2015, 01:00",Ireland urged to implement key economic reforms," EU commissioner Moscovici commends progress but wants high  public debt tackled   
            "
368,climate,"Thu, Apr 23, 2015, 09:20",Rise in Dublin consumer sentiment reflects optimism in economy," Trends in consumer sentiment within the capital ’broadly similar’ to those nationwide    
            "
369,climate,"Wed, Apr 15, 2015, 01:00",IMF raises prediction for Ireland’s growth rate," Irish economy forecast to expand 3.9% this year, up from 3.5% three weeks ago   
            "
370,climate,"Tue, Mar 3, 2015, 17:22",Returns augurs well for Government prior to ‘spring statement’," Clamour to relax its stringent fiscal stance will increase   
            "
371,climate,"Tue, Feb 24, 2015, 01:45",Finding out what makes people switch on and off," John FitzGerald looks at how the best way to approach the Irish Water issue and make savings   
            "
372,climate,"Thu, Feb 19, 2015, 07:54",Tsipras and Merkel have ‘constructive’ phone call ," Germany has rejected Greece’s request for loan extension    
            "
373,climate,"Fri, Jan 9, 2015, 01:18",IMF gives Ireland a mouthful," IMF  said Ireland should ‘internalise the externalities’ affecting its boom-bust-boom housing market   
            "
374,climate,"Fri, Dec 19, 2014, 12:57",Ireland: fourth best little country in which to do business," State loses top spot in ‘Forbes’ annual list but still ranks sixth for ‘investor protection’   
            "
375,climate,"Tue, Dec 2, 2014, 21:29",Juncker plan needs focus and speed to boost  economies –  Franco-German meeting," SPD leader calls for less talk and more action as he looks to replicate post-unification plan to deliver growth for Europe   
            "
376,climate,"Wed, Nov 12, 2014, 01:00",An unethical bet in the climate casino," Opinion: Republican wins in US midterms have implications for humanity    
            "
377,climate,"Tue, Oct 21, 2014, 01:00",ECB begins buying bonds to revive economy,"   Central bank focuses on short-dated debt held by French and Spanish banks 
            "
378,climate,"Mon, Oct 13, 2014, 12:19",Bond yields hold near record lows after S&P downgrades," Investors are hoping the worsening economic climate will force more ECB stimulus measures    
            "
379,climate,"Wed, Sep 24, 2014, 11:17",Clean growth is a safe bet in the climate casino," All but most obdurate sceptics must recognise  probability of irreversible climate change is much greater than zero   
            "
380,climate,"Wed, Sep 24, 2014, 10:24",Slide in German business morale points to weak third quarter ,"  Ifo think tank’s business climate index falls for  fifth straight month in September    
            "
381,climate,"Tue, Sep 16, 2014, 07:35",Ireland ranked top in Europe for trade confidence," New study reveals that Irish firms are feeling increasingly optimistic about the future   
            "
382,climate,"Tue, Sep 16, 2014, 02:00",EU Chamber slams China’s competition policy," Overseas businesses  push back against what they see as unfair antitrust enforcement by Beijing   
            "
383,climate,"Wed, Sep 10, 2014, 15:41",Key economic posts in Commission given to France and Britain," Juncker unveils new-look EU executive with Britain and France to oversee economic portfolios   
            "
384,climate,"Fri, Sep 5, 2014, 01:20",Deflation threatens to derail Euro recovery," Almost six years after the economic crisis began, Europe cannot afford to face into a prolonged period of stagnation    
            "
385,climate,"Thu, Sep 4, 2014, 10:59",Quantitative Easing would sow the seeds of crisis not recovery," Rather than help, the ECB’s policy could push the euro zone in the wrong direction   
            "
386,climate,"Wed, Aug 13, 2014, 01:00",Monopolies are no friend of a healthy democracy," There are many  ways in which dominant businesses can harm us   
            "
387,climate,"Tue, Aug 12, 2014, 01:00",Libertarian notion of US government is foolish fantasy," Is libertarian economics at all realistic?The answer is no   
            "
388,climate,"Wed, Jun 25, 2014, 08:26",German consumer morale jumps to highest level in seven years," Consumers become more upbeat on prospects for Europe’s largest economy after ECB rate move  
            "
389,climate,"Tue, Jun 24, 2014, 10:44",German business sentiment dips as concern over Iraq grows," Munich-based Ifo think tank’s business climate index drops for second consecutive month   
            "
390,climate,"Wed, Jun 18, 2014, 01:00",A climate fix would ruin investors," Opinion: humanity is making risky climate bets and ExxonMobil may be proved right    
            "
391,climate,"Sat, Jun 14, 2014, 01:00",‘We’ll have to wait a number of years to see if it’s sustainable’," Businesspeople, jobhunters and others sense a gradual if fragile pickup in the economy   
            "
392,climate,"Wed, Jun 4, 2014, 01:00",Why banking crises happen in the United States but not in Canada," A new analysis of financial crises contrasts with former treasury secretary Tim  Geithner’s   
            "
393,climate,"Tue, Jun 3, 2014, 01:00",European firms say ‘Golden Age’  in China is over," Market access and regulatory barriers cost EU businesses €21.3 billion   
            "
394,climate,"Fri, May 23, 2014, 13:04",Survey finds confidence in Irish economy growing but still fragile," Latest Global Economic Pulse survey  includes Ireland in dataset as a once-off   
            "
395,climate,"Tue, May 13, 2014, 01:00",The US right’s new reason for opposing action on climate change: it’s Marxist," Justice Scalia’s criticism of an attempt to curb  pollution  gives a taste of what’s to come   
            "
396,environmental+policies,"Tue, Nov 22, 2016, 15:31",Trump has done what he said he would do  on Pacific trade deal  ," Decision to withdraw from Pacific  deal will add to  concerns about Trump’s  wider trade policy and its impact on the world economy   
            "
397,environmental+policies,"Fri, Nov 11, 2016, 05:00",Ireland faces major disruption  if Trump delivers on economic policies ," Big cut in US corporation tax rate would lessen incentive to invest abroad   
            "
398,environmental+policies,"Fri, Sep 23, 2016, 09:37",Green investment to boost global economy - Bank of England governor ," €45 trillion investment needed in energy efficiency to meet UN global warming targets   
            "
399,environmental+policies,"Wed, Sep 21, 2016, 07:30",Paul Krugman: how we vote in US election really matters," Has anybody actually read the Libertarian candidate’s manifesto?   
            "
400,environmental+policies,"Tue, Jun 7, 2016, 09:24",European firms facing ‘increasingly hostile’ environment in China," Survey by EU Chamber regrets long-heralded reforms not coming through   
            "
401,environmental+policies,"Tue, Oct 13, 2015, 15:54",Brendan Howlin: Full Budget 2016 speech," ‘Today, we reap the benefits of the hard work and resilience of the Irish people’   
            "
402,environmental+policies,"Wed, May 13, 2015, 01:01",US pluriteral trade agreements carry significant risks," Since the failure of the “Doha round”, the focus has shifted to exclusive agreements    
            "
403,environmental+policies,"Tue, Mar 24, 2015, 00:01",St Patrick’s Day and China’s NPC offer insights into Ireland’s relationship with Asia," End of annual parliament in China prompts reform calls   
            "
404,environmental+policies,"Wed, Nov 12, 2014, 01:00",An unethical bet in the climate casino," Opinion: Republican wins in US midterms have implications for humanity    
            "
405,climate+change,"Mon, Sep 2, 2019, 12:30",Activist demands in listed companies fall in first half," Worsening global economy likely cause of decreased activism, report finds
            "
406,climate+change,"Fri, Aug 16, 2019, 04:45","Degrowth fetishists, just be honest: you would make people poorer to fight climate change"," It is a fact that if people do less and use less, then GDP will fall
            "
407,climate+change,"Thu, Jul 25, 2019, 15:55",Farmers could boost their incomes by switching from beef," John FitzGerald: The economics of beef are on a knife edge – changing makes sense
            "
408,climate+change,"Thu, Jul 18, 2019, 12:59", Tax strategy papers: the key highlights," Income tax; changes to USC and PRSI and levies on carbon usage, motoring and food supplements all feature
            "
409,climate+change,"Thu, Jul 18, 2019, 11:02",Q&A: What the motor tax changes could mean for you," How current motorists, new car buyers and those importing from the UK will be affected
            "
410,climate+change,"Fri, May 17, 2019, 05:51",John FitzGerald: Climate change and the end of an empire," Collapse of Rome shows how failure to adapt can have catastrophic consequences
            "
411,climate+change,"Fri, May 17, 2019, 05:40",How do you raise carbon taxes without hitting labourers more than lawyers?," Caveat: Good luck with handling this one in October’s budget, Paschal Donohoe
            "
412,climate+change,"Thu, Apr 18, 2019, 11:27",Ireland has to move on carbon tax – why are we still arguing about it?," Smart Money: We need to cut emissions and avoid big fines – but politicians are nervous
                    "
413,climate+change,"Fri, Feb 1, 2019, 08:30","Ireland Strategic Investment Fund to finance 25,000 homes"," Fund managed by NTMA to back building of homes ‘ideally at the more affordable end’
            "
414,climate+change,"Fri, Jan 25, 2019, 17:00",Saudis come in from the cold after ‘Davos in the Desert’ flop," Davos 2019 diary: Teen environmental activist unsure is she was listened to by elders
            "
415,climate+change,"Mon, Jan 14, 2019, 06:39",Brussels pushes to end national vetoes on taxation," Juncker wants to roll back tax powers that helped Ireland, Luxembourg and Malta
            "
416,climate+change,"Thu, Jan 3, 2019, 12:05",The three big trends which will affect your finances this year," Smart Money: Brexit, world economy wobbles and interest rates are vital signs for 2019
                    "
417,climate+change,"Tue, Nov 20, 2018, 17:43",CSO figures at odds with booming financial sector," Labour Force Survey detects sharp fall in jobs in finance sector contrary to perceptions
            "
418,climate+change,"Fri, Oct 26, 2018, 05:55","Wedding planners, Brexit marchers and a voyage on the good ship Titanic II"," Planet Business: A week of unexpected comebacks
            "
419,climate+change,"Fri, Oct 19, 2018, 05:55","Fortnite furore, Trump’s climate change, and the ‘backstop to the backstop’"," Planet Business: Also in the news – it’s a Betfair cop, and farewell Microsoft’s Paul Allen
            "
420,climate+change,"Tue, Oct 9, 2018, 10:41",NTMA hoping to raise up to €3bn from green bond sale," Green bonds are aimed at funding projects that promote climate change mitigation
            "
421,climate+change,"Mon, Oct 8, 2018, 12:45",US economists win Nobel prize for work on climate change," William D Nordhaus and Paul M Romer awarded the 2018 Nobel Prize in Economics
            "
422,climate+change,"Tue, Sep 18, 2018, 00:00",Lifting of milk quotas raises farming output to over €8bn," Central Bank report warns of potential negative shocks from Brexit, CAP reductions
            "
423,climate+change,"Fri, Sep 14, 2018, 05:15",State continues to demolish viable housing stock instead of repairing it," Government should address housing shortages and climate change at the same time
            "
424,climate+change,"Tue, Jul 17, 2018, 11:48",EU and Japan sign one of history’s largest trade deals," Move seen as counterweight to offset US protectionism under Donald Trump
            "
425,climate+change,"Mon, Jul 9, 2018, 11:32",NTMA chief urges State to sell bank shares as ‘dark clouds’ gather," Investors in Irish bonds would prefer to see Government taking every opportunity to pay down debt, Conor O’Kelly says
            "
426,climate+change,"Fri, Jun 8, 2018, 04:15",Mike Bloomberg: ‘Make America Great Again? It’s never been greater'," Interview: Former New York mayor on preaching and paying for health and climate action
            "
427,climate+change,"Mon, Jun 4, 2018, 06:00",Ibec spent €1.3m lobbying in the EU last year," Irish body third biggest spender on lobbying in EU, behind two groups in Germany
            "
428,climate+change,"Thu, Apr 26, 2018, 16:22",Timber industry sees Border checks as part of solution in hard Brexit," Copy measures in use on US-Canadian and Norwegian-Swedish borders, report suggests
            "
429,climate+change,"Wed, Jan 24, 2018, 09:21",Trump’s Davos advance party delivers mixed messages to global elite," US ready for trade wars, commerce secretary indicates
            "
430,climate+change,"Tue, Jan 23, 2018, 13:59",Davos: Fashion gets a seat at the table," Sinead Burke will give talks on design, inclusion and disability
            "
431,climate+change,"Fri, Dec 29, 2017, 06:00",Business review of 2017: Brexit and Trump fail to halt global boom," This year's international economic renaissance shows how forecasts are more art than science
                    "
432,climate+change,"Mon, Oct 16, 2017, 06:15",Chris Johns: Hard Brexit is no longer a risk – it is the UK’s objective," Should the hard Brexiteers get their wish, the first casualty will be sterling
            "
433,climate+change,"Thu, Oct 5, 2017, 12:47","State may face €610m climate bill in 2020, says Dáil committee"," Committee on Budgetary Oversight says climate change still not part of budget planning
            "
434,climate+change,"Thu, Sep 14, 2017, 12:51",Government review reiterates capital spending commitments," Minister for Finance Paschal Donohoe launches mid-term review of spending plans
            "
435,climate+change,"Fri, Sep 1, 2017, 04:58",John FitzGerald: A fair legal framework is crucial for business," Firms setting up in Ireland know under what laws they will operate
            "
436,climate+change,"Sun, Jul 9, 2017, 15:45",G20 leaders restate opposition to protectionism," Trump isolated on climate change as group issues dissenting conclusions for first time
            "
437,climate+change,"Thu, Jul 6, 2017, 09:23",EU strikes free-trade deal with Japan," Brussels eyes openings for agriculture while Tokyo looks to boost car exports
            "
438,climate+change,"Sun, May 14, 2017, 17:53",G7 keeps watered-down pledge to promote free trade," Finance officials hope for breakthrough in meetings with US president later this year   
            "
439,climate+change,"Tue, Mar 28, 2017, 18:55",Triggering of Brexit a tragedy for EU and Britain ," If a deal is to be reached with the EU, the UK will need to make concessions   
            "
440,climate+change,"Thu, Jan 26, 2017, 06:25",Hayes says Ireland should issue green bonds," Irish MEP says green bonds would help finance renewable projects and send signal environmental issues are ‘national priority’   
            "
441,climate+change,"Sat, Jan 21, 2017, 05:55",Davos: globalisation is in trouble but populism is not the answer,"  Those in world’s most powerful  institutions  confront popular rejection of their values   
            "
442,climate+change,"Fri, Jan 13, 2017, 07:33",Planet Business: the weird and wonderful world of finance," From drones to conceptual driving and the ’Jenga effect’   
            "
443,climate+change,"Thu, Nov 24, 2016, 20:08",Slight rise in European shares while Iseq edges up .65%," BoI and housebuilder Abbey rise on back of Central Bank move on mortgage lending   
            "
444,climate+change,"Tue, Oct 11, 2016, 15:19",Budget 2017: Full text of Paschal Donohoe’s speech," Minister for Public Expenditure and Reform outlines Government’s spending plans    
            "
445,climate+change,"Tue, Oct 11, 2016, 14:48",Budget 2017: Full text of Michael Noonan’s speech," Read about all the measures announced by Minister for Finance in Dáil today    
            "
446,climate+change,"Fri, Sep 23, 2016, 09:37",Green investment to boost global economy - Bank of England governor ," €45 trillion investment needed in energy efficiency to meet UN global warming targets   
            "
447,climate+change,"Wed, Jul 20, 2016, 13:14","Martin Wolf: Trump’s answer is ‘clear, simple and wrong’"," Stagnating incomes will not be solved by a dose of populist protectionism   
            "
448,climate+change,"Fri, Jul 8, 2016, 06:30",Carbon tax essential   for  decarbonising our economies," Emissions trading scheme ran aground when recession made permits worthless   
            "
449,climate+change,"Mon, Jul 4, 2016, 15:18",Brexit: Feelings cannot prevail over reason," We need to contain the contagion and fix what ails the EU    
            "
450,climate+change,"Mon, Jun 20, 2016, 09:19",Brexit and you: Six ways your life might change after Thursday," It’s still too close to call it, but if the UK votes to Leave this week it won’t just be the Irish economy that will be hit - it will be all of us   
            "
451,climate+change,"Tue, May 24, 2016, 01:00",Economist Brendan Walsh inspired generations of students ," Brendan Walsh was a sharp analyst of Irish economics and society    
            "
452,climate+change,"Thu, May 19, 2016, 11:02","Brazil’s ‘Scissorhands’ turns to helping the developing world	"," Former finance minister of Latin American country is now with the World Bank   
            "
453,climate+change,"Tue, May 17, 2016, 06:20",Breaking up (government departments) is hard to do," The  problems facing the Government will not be solved by reorganising departments    
            "
454,climate+change,"Tue, May 3, 2016, 06:00",John FitzGerald: Ireland must protect  interests under Brexit," Anything that may  destabilise the Belfast Agreement would be a major concern    
            "
455,climate+change,"Tue, Apr 19, 2016, 08:00",Brexit could ratchet up  pressure on Dublin housing market," Loss of 10,000 financial sector jobs in London may mean firms move in search of EU ‘asylum’    
            "
456,climate+change,"Mon, Apr 18, 2016, 12:00",German stance on ECB shows European ideal is defunct," There is a reason why this is happening - not a good one, but a powerful one. Money.   
            "
457,climate+change,"Thu, Mar 17, 2016, 13:26",British chancellor George Osborne is in traps of his own devising," Steady reduction in corporation tax suggests government is trying to turn  UK into Ireland   
            "
458,climate+change,"Mon, Feb 15, 2016, 01:00",Arthur Beesley: Brexit dangers coming into focus for Irish firms," Uncertainty prevails until exact terms of any British exit from the EU are known    
            "
459,climate+change,"Tue, Jan 19, 2016, 16:07",Davos 2016: the five big themes,"  World Economic Forum  to grapple with big issues  from climate change to  refugee crisis   
            "
460,climate+change,"Tue, Dec 1, 2015, 07:20",Pricing a key tool to encourage  carbon-neutral energy," Tackling climate change requires incentivising new technology to produce ‘clean’ energy   
            "
461,climate+change,"Mon, Aug 31, 2015, 12:21","Euro zone inflation steady in August, easing pressure on ECB"," Oil prices have fallen from above $60 a barrel in early July to around $43 last week   
            "
462,climate+change,"Fri, Jun 26, 2015, 01:00",Jim Yong Kim: World Bank chief seeks to slash extreme poverty ," Ahead of Dublin visit, health expert  discusses fighting poverty and sharing prosperity    
            "
463,climate+change,"Thu, Apr 23, 2015, 09:20",Rise in Dublin consumer sentiment reflects optimism in economy," Trends in consumer sentiment within the capital ’broadly similar’ to those nationwide    
            "
464,climate+change,"Tue, Feb 24, 2015, 01:45",Finding out what makes people switch on and off," John FitzGerald looks at how the best way to approach the Irish Water issue and make savings   
            "
465,climate+change,"Tue, Dec 2, 2014, 21:29",Juncker plan needs focus and speed to boost  economies –  Franco-German meeting," SPD leader calls for less talk and more action as he looks to replicate post-unification plan to deliver growth for Europe   
            "
466,climate+change,"Wed, Nov 12, 2014, 01:00",An unethical bet in the climate casino," Opinion: Republican wins in US midterms have implications for humanity    
            "
467,climate+change,"Tue, Oct 21, 2014, 01:00",ECB begins buying bonds to revive economy,"   Central bank focuses on short-dated debt held by French and Spanish banks 
            "
468,climate+change,"Wed, Sep 24, 2014, 11:17",Clean growth is a safe bet in the climate casino," All but most obdurate sceptics must recognise  probability of irreversible climate change is much greater than zero   
            "
469,climate+change,"Wed, Sep 10, 2014, 15:41",Key economic posts in Commission given to France and Britain," Juncker unveils new-look EU executive with Britain and France to oversee economic portfolios   
            "
470,climate+change,"Fri, Sep 5, 2014, 01:20",Deflation threatens to derail Euro recovery," Almost six years after the economic crisis began, Europe cannot afford to face into a prolonged period of stagnation    
            "
471,climate+change,"Wed, Aug 13, 2014, 01:00",Monopolies are no friend of a healthy democracy," There are many  ways in which dominant businesses can harm us   
            "
472,climate+change,"Tue, Aug 12, 2014, 01:00",Libertarian notion of US government is foolish fantasy," Is libertarian economics at all realistic?The answer is no   
            "
